<project _id='0' defaultElement='8eef51ac-7c2d-4e37-b7c1-732514265fba' uuid='d10cb564-42c2-4880-baf4-17c507b1526a' author='5ecf330b-e395-4e17-88b0-0883834b384a' import='6707f981-110d-4629-a0bf-c35a4688025c'>
  <folder>
    <libraryFolder _id='1'>
      <name>
        <translation lang='en' text='Microcomputer (Tannenbaum)'/>
        <translation lang='de' text='Mikrocomputer (Tannenbaum)'/>
      </name>
      <items>
        <libraryFolder _id='2'>
          <name>
            <translation lang='de' text='CPU'/>
          </name>
          <items>
            <containerLibraryElement _id='3' uuid='7a26f19f-9cc4-41ba-91bd-b18ea9e19d33'>
              <name>
                <translation lang='en' text='ALU 1-Bit'/>
                <translation lang='de' text='ALU 1-Bit'/>
              </name>
            </containerLibraryElement>
            <containerLibraryElement _id='4' uuid='fa141b2b-57a3-43fc-8d9b-dac278ea74d0'>
              <name>
                <translation lang='en' text='ALU 4-Bit'/>
                <translation lang='de' text='ALU 4-Bit'/>
              </name>
            </containerLibraryElement>
            <containerLibraryElement _id='5' uuid='7bf5b116-fe7e-49d1-8a13-60b32a4615bb'>
              <name>
                <translation lang='en' text='ALU 16-Bit'/>
                <translation lang='de' text='ALU 16-Bit'/>
              </name>
            </containerLibraryElement>
            <containerLibraryElement _id='6' uuid='49de0ab1-ee80-4283-a800-b207eb15307d'>
              <name>
                <translation lang='en' text='MIR'/>
                <translation lang='de' text='MIR'/>
              </name>
            </containerLibraryElement>
            <containerLibraryElement _id='7' uuid='6d95ca5e-6be3-4dc4-a175-aff70fb8c3bc'>
              <name>
                <translation lang='en' text='CPU'/>
                <translation lang='de' text='CPU'/>
              </name>
            </containerLibraryElement>
            <containerLibraryElement _id='8' uuid='ae9dbaec-092b-4830-ad2d-b1927c16be8d'>
              <name>
                <translation lang='en' text='Register File'/>
                <translation lang='de' text='Register File'/>
              </name>
            </containerLibraryElement>
            <containerLibraryElement _id='9' uuid='fb9d38b5-a3bf-43eb-bbd3-9ef586bd43f2'>
              <name>
                <translation lang='en' text='Shifter'/>
                <translation lang='de' text='Shifter'/>
              </name>
            </containerLibraryElement>
            <containerLibraryElement _id='10' uuid='d3f947a8-f91d-4d0c-9c91-f95403fe3647'>
              <name>
                <translation lang='en' text='MAR'/>
                <translation lang='de' text='MAR'/>
              </name>
            </containerLibraryElement>
            <containerLibraryElement _id='11' uuid='79d18538-9f8e-4d92-b249-d7f6beaa8970'>
              <name>
                <translation lang='en' text='MBR'/>
                <translation lang='de' text='MBR'/>
              </name>
            </containerLibraryElement>
            <containerLibraryElement _id='12' uuid='6b3b1948-e069-4c92-9b2a-6652bb4a3163'>
              <name>
                <translation lang='en' text='MSL'/>
                <translation lang='de' text='MSL'/>
              </name>
            </containerLibraryElement>
            <containerLibraryElement _id='13' uuid='519206d0-09d3-4252-b093-bf88ca062223'>
              <name>
                <translation lang='en' text='Clock'/>
                <translation lang='de' text='Clock'/>
              </name>
            </containerLibraryElement>
          </items>
        </libraryFolder>
        <containerLibraryElement _id='14' uuid='75b0b920-b31c-42aa-8c21-915b0a4619c9'>
          <name>
            <translation lang='en' text='Address Decoder'/>
            <translation lang='de' text='Adress-Dekodierer'/>
          </name>
        </containerLibraryElement>
        <containerLibraryElement _id='15' uuid='21648273-25d2-4071-b0cc-f3a75f945ef6'>
          <name>
            <translation lang='en' text='PIO'/>
            <translation lang='de' text='PIO'/>
          </name>
        </containerLibraryElement>
        <containerLibraryElement _id='16' uuid='bb6fafb2-d857-4b7d-8b50-c463e55f630f'>
          <name>
            <translation lang='en' text='Display'/>
            <translation lang='de' text='Display'/>
          </name>
        </containerLibraryElement>
        <containerLibraryElement _id='17' uuid='8eef51ac-7c2d-4e37-b7c1-732514265fba'>
          <name>
            <translation lang='en' text='Microcomputer'/>
            <translation lang='de' text='Mikrocomputer'/>
          </name>
        </containerLibraryElement>
        <containerLibraryElement _id='18' uuid='8ec064e6-5223-4b99-af2c-9dcf425e0365'>
          <name>
            <translation lang='de' text='Steuerkonsole'/>
            <translation lang='en' text='Control Console'/>
          </name>
        </containerLibraryElement>
      </items>
    </libraryFolder>
  </folder>
  <desc>
    <translation lang='en' text='A fully functional computer with micro-programmable CPU according to Tannenbaum'/>
    <translation lang='de' text='Ein voll funktionsfähiger Mikrocomputer mit mikroprogrammierbarer CPU nach Tannenbaum'/>
  </desc>
</project>